HERE_segID,direction,alpha,beta,r2
2_10122,0,0.9899999999999999,4.123208003132751,0.24086619401093112
2_10122,1,0.5654394452393766,2.2235756411258483,0.49753235186246725
2_10131,0,0.9899999999999999,1.0753345674104642,-3.012580306228384
2_10131,1,0.9899999999999999,1.0000000000000002,-3.2339230383917306
2_10136,0,0.9899999999999998,1.3591446670307683,-0.8505514960165088
2_10136,1,0.9899999999999999,1.083378209917693,-0.4500764288732175
2_10141,0,0.08335071738350633,3.314007114628334,0.1753069022127517
2_10141,1,0.9899999999999994,1.7133095556349742,-0.14564085133330584
2_10173,0,0.9511595610294725,1.2997218484354771,1.0
2_10173,1,0.9899999999999999,1.0128387418669784,-73.02638954754181
2_10175,0,0.9899999933695148,1.0000000000000375,
2_10175,1,0.9899999999998804,1.0000000072429436,
2_10176,0,0.9899999818725065,1.0000000000004758,
2_10176,1,0.9899999999999363,1.0000000017021458,
2_10182,0,0.9899999999998346,1.0000000000006497,
2_10182,1,0.9899999999999417,1.0000000002794998,
2_10187,0,0.9899999999999999,1.8481947441187176,-28.052076148898482
2_10187,1,0.9899999999999999,1.0000000000000002,-12803.25613507384
2_10195,0,0.9899999999999999,1.0000000000000002,-32.306490549228506
2_10195,1,0.9899999999999999,1.0000000000000002,-35.79502528776227
2_10197,0,0.9899999999999999,1.4227515742942514,-0.10202775968440769
2_10197,1,0.9899999999999999,1.309396835710401,-0.29899581990475177
2_10198,0,0.9899999999999999,1.721918751709098,-0.9949491315990027
2_10198,1,0.9899999999999999,1.7497462029886341,-1.2676514820998608
2_10203,0,0.8312454222147634,2.5165020235039193,0.467427111514751
2_10203,1,0.4332617790393198,3.093325670574355,0.5709065428092196
2_10227,0,0.9899999999999999,3.307471527221822,-470.52784684450523
2_10227,1,0.9899999999999999,2.915817264448823,-224.97046648108693
2_10249,0,0.9899999999999999,1.0682084016861664,-8.523404509633664
2_10249,1,0.9899999999999999,1.000000000000001,-10.575439421484221
2_10251,0,0.9899999999999999,3.38168258641053,-1.4596589562551987
2_10251,1,0.9899999999999999,1.0000000000000002,-712.1522912017915
2_10271,0,0.9899999999999999,3.284238838543828,-28.14671710454311
2_10271,1,0.9899999999999999,1.1514786499060516,-16648.809875455994
2_10273,0,0.9899999999999999,1.8505203052565513,-1.7907780360026782
2_10273,1,0.9899999999999999,1.010292491251751,-654.1327415730946
2_10276,0,0.9899999999999999,1.0481257836236366,-19.573669458169096
2_10276,1,0.9899999999999999,2.2119124090123554,-21.92220147889896
2_10309,0,0.792382225559199,1.0000000000000002,0.8768901236853059
2_10309,1,0.9899999999999999,1.0000000000000044,-76.18066036524043
2_10310,0,0.11994987097772809,2.483035194701448,0.5861908534840898
2_10310,1,0.9899999999999999,1.3210201705028461,-0.35921376402863725
2_10311,0,0.9899999999999882,1.5341213381054406,-0.12932715203361522
2_10311,1,0.9899999999999999,1.0000000000000002,-17.697392059913245
2_10318,0,0.10116922258723174,3.703003736980587,0.44072751261705134
2_10318,1,0.08711059296367812,3.771328671858848,0.32622312029957257
2_10341,0,0.5300557837687359,2.080875156365779,0.43445970393854494
2_10341,1,0.9899999999999999,1.0000000000000002,-7.43765931644624
2_10369,0,0.9899999999999999,1.7335347797823006,-12.01194719129381
2_10369,1,0.9899999999999999,6.161421378123656,-10.297018386780834
2_10375,0,0.9899999999999362,9.999999999999998,-0.757941779715342
2_10375,1,0.9899999999999999,1.0449746623727525,-31550.380841993163
2_10382,0,0.9899999999999999,1.8831903477879397,-1.1117529254127065
2_10382,1,0.9899999999999999,1.5429442150835275,-0.8071200704070509
2_10399,0,0.9899999999999832,3.1678297482461515,0.40484901329692746
2_10399,1,0.9899999999999999,1.0000000000000002,-14.073296923498983
2_10403,0,0.9899999999999999,3.305648552917607,-25.60361874077891
2_10403,1,0.9899999999999999,1.7223723689327863,-18.267944768989437
2_10405,0,0.9899999999999999,2.4014760538338664,-25.914605653892348
2_10405,1,0.9899999999999999,1.4480457813077026,-21.85804677520715
2_10436,0,0.25917429026018396,2.2232385121234883,0.6130835699491992
2_10436,1,0.9899999999999999,1.0000000000000002,-11.64024146399737
2_10444,0,0.9899999999999999,1.6507787071578806,-16.787075780693723
2_10444,1,0.9899999999999999,1.0000000000000002,-820.1562956060058
2_10445,0,0.9899999999999999,1.7972109357506139,-23.82878154744503
2_10445,1,0.9899999999999999,1.614853151255625,-41.6657110018232
2_10462,0,0.03640951192291373,4.112605315562894,0.21997743402067316
2_10462,1,0.9899999999999999,1.2624365099382113,-429.1958640073839
2_10471,0,0.14520012724277515,1.9720516476485423,
2_10471,1,0.9899999999999999,1.0000000000000002,-7.542801770323715
2_10475,0,0.98999999999999,1.1845494028381862,-1.3462674407370527
2_10475,1,0.9899999999999989,1.29690952977684,-0.4607534570655625
2_10496,0,0.9373700983511423,2.0626614014502085,0.47461257842325477
2_10496,1,0.9899999999999999,1.673167403498744,-1.0797398638587623
2_10497,0,0.9899999999999999,2.284641714104986,0.45350382696049274
2_10497,1,0.9899999999999999,1.9345342887842685,-1.5269427049717743
2_10499,0,0.9899999999999999,2.4405464014540774,0.02401708624339305
2_10499,1,0.9899999999999999,2.0407086434718584,-0.19027178201736095
2_10529,0,0.9899999999999999,1.056484428940821,-168.52474528242558
2_10529,1,0.9899999999999999,1.0000000000001583,-153.00935023432945
2_10554,0,0.9899999999999999,2.440603084803141,-20.5491648430623
2_10554,1,0.9899999999999999,1.0000000000000002,-2056.3533438404843
2_10555,0,0.9899999999999999,9.999999999999952,-91.32280275015448
2_10555,1,0.9899999999999999,2.2806660856447496,-10047.37785022477
2_10556,0,0.9899999999999999,3.5610951599830982,-15.73741584373061
2_10556,1,0.9899999999999999,1.8863052460232677,-66.27145206467193
2_10559,0,0.9899999999999999,1.4599417290187051,-10.908055626937212
2_10559,1,0.9899999999999999,1.0000000000000002,-9.864817710727852
2_10561,0,0.9899999999999999,1.0991282586130726,-13.29084505683715
2_10561,1,0.9899999999999999,1.0000000000000002,-14.646124505965012
2_10582,0,0.010000000000000002,3.550867181285858,-1.9193837186135299
2_10582,1,0.010000000000000021,8.130361852329282,-0.20328239962570427
2_10585,0,0.9899999999999999,1.8277866841358197,0.19106577112214607
2_10585,1,0.9899999999999999,1.895610146075535,0.28304325401067165
2_10590,0,0.9899999999999999,9.999999999999998,-3.465228061848559
2_10590,1,0.9899999999999999,1.0000000000000002,-13.209264982034647
2_10601,0,0.010000000000000023,3.6393553012249376,-0.09015074455355099
2_10601,1,0.18024036089300594,9.999999999998636,-0.052900235205258994
2_10605,0,0.9899999999999999,2.30381246016761,-2.6265741737860075
2_10605,1,0.9899999999999999,1.0000000000000002,-50.80637954719835
2_10606,0,0.9899999999999999,2.38594086070702,-1.4661153370704079
2_10606,1,0.9899999999999999,2.373271444600395,-2.176851425753041
2_10607,0,0.9899999999999999,2.756036896368414,-2.005198637797505
2_10607,1,0.9899999999999999,2.6182350409077473,-2.3913985247471863
2_10610,0,0.9899999999999999,2.4156082516637194,-0.7105676552521023
2_10610,1,0.9899999999999999,1.0000000000000002,-1636.0868465894216
2_10614,0,0.9899999999999828,7.7524680894853,0.27208124056981675
2_10614,1,0.9899999999999999,1.0000000000000038,-308.13512429278325
2_10624,0,0.9899999999999999,2.5191383061787223,-26.638532839665938
2_10624,1,0.9899999999999999,4.714042365492252,-22.20268578649858
2_10641,0,0.28633698478968556,1.0000000000000002,0.5628759560350551
2_10641,1,0.9899999999999999,1.0000000000000002,-13.322486193088121
2_10649,0,0.9899999999999999,3.2113229825344316,-18.992874202617166
2_10649,1,0.9899999999999999,1.0000000000000002,-8.1533040556571
2_10651,0,0.9899999999999954,3.1588283764103195,-0.04902219949444864
2_10651,1,0.9899999999987525,1.444697422857212,-0.1255481679332473
2_10653,0,0.6673338684190055,4.657071856984393,0.10609156492308358
2_10653,1,0.9899999999999999,2.029185975709266,0.0005828648443184647
2_10655,0,0.9899999999999984,3.2255308141979664,0.33148056290943995
2_10655,1,0.9899999999999999,1.0098420729573176,-18.114437939387933
2_10657,0,0.9899999999999999,2.556424566042662,-1.0354846693195938
2_10657,1,0.9899999999999999,1.5532251095316794,-1041.9872273408969
2_10665,0,0.9899999999999717,1.000000001041802,
2_10665,1,0.9899999912545975,1.0000000000016407,
2_10694,0,0.9899999999999999,1.3124061361211188,-11.093857827104836
2_10694,1,0.9899999999999999,1.0000000000000002,-171.83134490491898
2_10704,0,0.9899999999999999,2.1448275177840808,-31.938267730330743
2_10704,1,0.9899999999999999,1.0000000000000002,-6.211112501304571
2_10720,0,0.9899999999999994,2.2399700604321713,0.28095768468442184
2_10720,1,0.9899999999999999,1.38616997884908,-7.308537189590398
2_10727,0,0.9899999999999999,9.999999999999998,-2.7190995228093318
2_10727,1,0.9899999999999999,1.0000000000000002,-122645.59320075357
2_10728,0,0.9899999999999994,2.5845815311374416,-1.5442409961859593
2_10728,1,0.9899999999999999,1.0000000000000002,-30160.848868420697
2_10758,0,0.9899999999999999,1.9717419361274022,-0.017062397560922538
2_10758,1,0.9899999999999999,3.651856287830006,-0.4450854469735719
2_10787,0,0.9899999999999999,3.179028536077769,-29.492658859500985
2_10787,1,0.9899999999999999,5.246567432921425,-22.363876330308955
2_10802,0,0.9899999999999999,1.798506934083657,-42.668721025453465
2_10802,1,0.9899999999999999,8.037654397899999,-2.9410113442060752
2_10803,1,0.9899999999999999,1.0000000000000002,0.0
2_10826,0,0.9899999999999998,2.2537033892984017,-0.23294316043661567
2_10826,1,0.9899999999999999,1.0000000000000002,-2.0374720700525106
2_10830,0,0.9899999999999999,1.07399403131665,-3.7208616016606975
2_10830,1,0.9899999999999999,1.3716044981372075,-7.217650552310868
2_10863,0,0.9899999999999991,2.3581084743423375,0.11609049316123632
2_10863,1,0.9588534428322654,1.305405645315438,-0.2028396306352449
2_10872,0,0.9899999999999999,2.7768725632719415,-4.644380051959028
2_10872,1,0.9899999999999999,1.0000000000000002,-61.44886663444254
2_10905,0,0.9899999999999999,2.2324839986340996,-17.328602048507452
2_10905,1,0.9899999999999999,7.894236613291816,-9.369074316379795
2_10949,0,0.9899999999999997,1.7243055302303707,-0.4614934259195069
2_10949,1,0.9899999999999999,1.093981369465963,-1.2827715378403028
2_11016,0,0.9899999999999999,1.8420099013936098,-1.7840909879685762
2_11016,1,0.9899999999999999,2.8229613267011477,-5.065383441178525
2_11039,0,0.9899999999999999,1.0027357783689381,-11.012045946058592
2_11039,1,0.9899999999999999,1.4694795363043671,-0.6308387515633673
2_11042,0,0.9899999999999999,1.0000000000000002,-6.071767945393224
2_11042,1,0.9899999999999973,1.6230763114645095,-0.5019643157754938
2_11048,0,0.9899999999999999,1.4595777901816989,-15.852826206488302
2_11048,1,0.9899999999999999,3.2061012967185154,-1.170890587219926
2_11050,0,0.9899999999999999,1.5734695127426348,-16.263314798860296
2_11050,1,0.9899999999999999,9.999999999999998,-313.8186963368125
2_11058,0,0.9899999999999999,9.999999999999986,-3.512476292893882
2_11058,1,0.9899999999999999,4.554007400252885,-51289.78455911732
2_11082,0,0.9899999999999999,4.142390884248883,0.11286016232688056
2_11082,1,0.9899999999999999,1.6132048892460193,-9.720186287985154
2_11083,0,0.9899999999999999,4.291305446929049,0.267592035261877
2_11083,1,0.9899999999999999,1.9064351897955785,-5.773140203642673
2_11092,0,0.918552802856139,9.999999999999998,-2.457539213246081
2_11092,1,0.9899999999999999,9.999999999999993,0.0
2_11110,0,0.9899999999999978,9.99999999999998,-4.337829507069572
2_11110,1,0.9899999999999999,1.0000000000000002,0.0
2_11141,0,0.8534140192896374,3.2988649548664637,0.4636438582372575
2_11141,1,0.9899999999999832,3.2488481899939834,0.39213316107442464
2_11144,0,0.9899999999999999,9.99999999922736,-0.379822473702238
2_11144,1,0.9899999999999999,2.7945026812999765,-1920.2593683365076
2_11145,0,0.26252379644637025,3.525738131337939,0.5538671258038832
2_11145,1,0.23870102142929436,3.5459484687737146,0.5994470260835518
2_11147,0,0.03846495621655089,9.999999999999966,-0.6461757782290396
2_11147,1,0.9899999999999999,1.0000000000000002,-289.85481774522725
2_11148,0,0.4357453824830178,6.769898565432326,0.48455408658585575
2_11148,1,0.9899999999999999,2.1138434838590636,-900.8585730599217
2_11156,0,0.033681285794662695,5.678217676151039,
2_11156,1,0.9899999998418322,1.0000000000003064,
2_11308,0,0.9899999999999999,3.362889398564877,-2.29642911660736
2_11308,1,0.9899999999999999,2.753183479986537,-2.508149051731211
2_11470,0,0.9899999999999999,2.6790295986441155,-0.028884588593373728
2_11470,1,0.9899999999999999,2.195194357190918,-0.26334810094081385
2_11566,0,0.9899999999999999,1.271753206072116,-9.245259792389941
2_11566,1,0.9899999999999999,1.2868079329905813,-6.072536630385354
2_11628,0,0.9899999999999999,1.1512848183976032,-45.02128767599273
2_11628,1,0.9899999999999999,1.0000000000000002,-87.8316533249439
2_11629,0,0.9899999999999999,1.4477880201304014,-40.003886254716136
2_11629,1,0.9899999999999999,1.0000000000000004,-157.78997913165637
2_11635,0,0.9899999999999995,2.388585117493899,0.13732889938847503
2_11635,1,0.9899999999999999,1.6987279875326857,0.09659994462078692
2_11640,0,0.42662144138791064,3.5825283967691615,0.26406653000915437
2_11640,1,0.32936448649502165,2.6426972365101276,0.4494836264215797
2_11773,0,0.9899999999999999,2.6930601755258086,-20.432666878364625
2_11773,1,0.9899999999999999,1.8758721243839709,-72.20153715688222
2_11781,0,0.9899999999998376,1.000000000488506,
2_11781,1,0.989999999999533,1.0000000046064061,
2_11909,0,0.9899999999999999,2.141995674625056,-55.38714676692107
2_11909,1,0.9899999999999999,2.0874393307508927,-26.34801737830482
2_11930,0,0.9899999999999999,1.0595568268742297,-1.5097292464092487
2_11930,1,0.9899999999999999,1.0000000000000002,-48.279016511031244
2_12022,0,0.9899999999999999,9.999999999999986,-2.7592150994332174
2_12022,1,0.9899999999999999,6.633179671212499,-11.738251234667098
2_12023,0,0.9899999999999999,2.5878067176331325,-42.291760243949014
2_12023,1,0.9899999999999999,4.559841442325107,-30.64737965818651
2_12040,0,0.9899999999999999,1.0000000000000002,-0.717292604811945
2_12040,1,0.9899999999999999,1.0000000000000002,-1000336.474147372
2_12112,0,0.9899999999999999,2.3818632667866284,-1.5841390212400763
2_12112,1,0.9899999999999999,1.5772497329885136,-3.069191728756593
2_12164,0,0.7236458118221694,3.122005172268435,0.4494428062745228
2_12164,1,0.668097649782056,1.9895214198001345,0.5062296800343
2_12173,0,0.9899999999999999,1.0242026861145497,-1.678687862974205
2_12173,1,0.9899999999999999,1.1336582953679102,0.4280444809524112
2_12174,0,0.48673975984105133,1.9756872121419224,0.48599585147316715
2_12174,1,0.9899999999999999,1.0000000000000002,-8308.848657512675
2_12177,0,0.9899999999999999,1.0000000000000002,-3.256442103548194
2_12177,1,0.9899999999999999,1.0000000000000002,-34266.02736491684
2_12184,0,0.7876436289496777,2.266598244431265,0.5530150824976674
2_12184,1,0.9899999999999999,2.3207355177069138,0.4618323157530776
2_12252,0,0.9899999999999999,2.5842808089505596,0.20454881036376182
2_12252,1,0.9899999999999999,1.0737656283280874,-8.632329369070106
2_12327,0,0.9577525112202032,2.8175084132819745,0.02412130726559436
2_12327,1,0.9899999999999999,1.0000000000000002,-6.385444186175209
2_12365,0,0.9899999999999999,1.0000000000000002,-47.87078142421528
2_12365,1,0.9899999999999999,1.0596344660018329,-43.99382653367132
2_12403,0,0.9899999999999999,3.0353771226535122,-0.5122907256847511
2_12403,1,0.9899999999999999,1.065131801328979,-11.118296282353345
2_12495,0,0.9899999999999999,1.0000000000000002,-0.6181725334085588
2_12495,1,0.9899999999999999,1.0000000000000002,-1.9039041038892246
2_12496,0,0.9899999999999999,1.0016058840996775,-0.5630255144140608
2_12496,1,0.9899999999999999,1.088946310455736,-0.08046098388664746
2_12504,0,0.9899999999999999,1.0000000000000002,-2.4929818197227034
2_12504,1,0.9899999999999999,1.0000000000000002,-17.65667947295285
2_12596,0,0.9899999999999999,2.1014292804976713,-1.5156779499591773
2_12596,1,0.9899999999999999,1.0000000000000002,-18.565911965747155
2_12642,0,0.9899999999999999,1.687744666454588,0.22918920268976206
2_12642,1,0.9899999999999227,1.1991461222342805,-0.0789023609038566
2_12776,0,0.9899999999999999,3.326327395810929,-174.14116638369686
2_12776,1,0.9899999999999999,4.5486988738060585,-70.12274120706653
2_12777,0,0.9899999999999999,2.0005388429344477,-43.50936369863879
2_12777,1,0.9899999999999999,3.6753911777036823,-17.356727903988737
2_12779,0,0.9899999999999999,1.738403225482872,-85.43614850202957
2_12779,1,0.9899999999999999,3.3652097559744885,-42.08320303362505
2_12782,0,0.9899999999999999,1.6133617481929763,0.09455165523065157
2_12782,1,0.9899999999999999,1.0000000000000024,-161.64763563334637
2_12787,0,0.40855024302672105,2.0496451923107215,0.5337245396625018
2_12787,1,0.9899999999999999,1.0000000000000002,-58.16662731633008
2_12810,0,0.6442712435914417,3.9428740556733075,-0.24218579596073497
2_12810,1,0.9899999999999999,2.5164099876027763,-0.1757839637698535
2_12818,0,0.41762307174623564,5.429495756035799,
2_12818,1,0.9899999999999883,1.0000000108234055,
2_12825,0,0.9899999999999999,2.515709514124409,0.22595735132866313
2_12825,1,0.9899999999999999,1.0000000000000002,-5.752332967499925
2_12827,0,0.9899999999999999,1.7929192360446953,-0.8065799509725744
2_12827,1,0.9899999999999999,1.0000000000000002,-128.99609338537763
2_12835,0,0.9899999999999999,1.6311658830630718,-2.5562996509259883
2_12835,1,0.9899999999999999,1.4591296710755208,-2.921328595250809
2_12978,0,0.9899999999999999,1.0000000000000002,-10.460990749346886
2_12978,1,0.9899999999999999,1.0000000000000002,-8.135312237377308
2_12986,0,0.9899999999999999,1.0000000000000244,-5.3849376759295104
2_12986,1,0.9899999999999999,1.0000000000000002,-9.118553096568535
2_13045,0,0.9899999999999999,1.0000000000004006,-1.1449307901766979
2_13045,1,0.9899999999999999,1.0000000000000002,-3.5969739880742004
2_13059,0,0.9899999999999999,2.00466514833964,-6.92872425347872
2_13059,1,0.9899999999999999,1.0000000000000013,-20.244624930077972
2_13074,0,0.9899999999999999,2.2920618178798375,-0.7275376594929521
2_13074,1,0.9899999999999999,2.2834917574833,-0.7069604498986783
2_13259,0,0.9899999999999993,2.244744360267084,0.17067065441621887
2_13259,1,0.9899999999999982,2.231583266802313,0.12353322850752702
2_13296,0,0.9899999999999999,2.565828503475915,-20.27165628473026
2_13296,1,0.9899999999999999,3.595757416132544,-31.161963971207584
2_13319,0,0.9899999999999999,3.420416198689616,-12.604702277117655
2_13319,1,0.9899999999999999,1.5724235512282883,-40.12796257285264
2_15607,0,0.5025108613629229,2.530328852880118,0.10908815879629652
2_15607,1,0.9322128566388829,2.968512654858354,0.07613079735960748
2_18153,0,0.9899999999999999,1.836222716626917,-0.24938580819690026
2_18153,1,0.9899999999999999,1.4612223106416677,0.13940456248367805
2_18154,0,0.9899999999999999,1.9089021774543418,-38.257432457982354
2_18154,1,0.9899999999999999,2.719963518193726,-8.122539709314122
2_18155,0,0.9899999999999999,9.999999999999995,-22.834798988415606
2_18155,1,0.9899999999999999,1.483253157467496,-47.29132467444069
2_18156,0,0.9899999999999999,9.999999999999998,-3.648850742781062
2_18156,1,0.9899999999999999,1.0000000000000002,-33.46871375089683
2_18157,0,0.9899999999999999,2.4958500508527917,-0.2890376788507978
2_18157,1,0.9899999999999999,1.0000000000000002,-2.7700317755201795
2_18161,0,0.048785212455290494,2.866807480053679,1.0
2_18161,1,0.9899999999998925,1.0000000071207096,
2_18164,0,0.9899999999999999,2.9742719031561635,-93.1888772496263
2_18164,1,0.9899999999999999,1.0174388629876676,-164.8945163774085
2_18165,0,0.9899999999999999,3.845030681345512,-3.805166703357779
2_18165,1,0.9899999999999999,1.2547615910925973,-13.874956919615943
2_18168,0,0.9899999999999999,2.97027173815961,-9.312582727478675
2_18168,1,0.9899999999999999,3.389214926349263,-7.252587178280795
2_18169,0,0.9899999999999999,2.661416176092381,-9.205593635428055
2_18169,1,0.9899999999999999,3.1749283383040527,-14.012153025945352
2_18170,0,0.9899999999999999,2.3821705232762893,-1.8871668457372164
2_18170,1,0.9899999999999999,2.541833407520034,-30.03602025777574
2_18172,0,0.9899999999999999,9.999999999999956,-51.07791283160603
2_18172,1,0.9899999999999999,2.515192793307595,-72.26506967969222
2_18173,0,0.9899999999999999,9.999999999999769,-18.63247889499802
2_18173,1,0.9899999999999999,2.6464541534384747,-65.59933507703538
2_18174,0,0.9899999999997411,4.913025345197426,-0.7676176680367588
2_18174,1,0.9899999999999999,2.3123204840477998,-1.4919509231012973
2_18175,0,0.9899999999999999,4.883830029597143,-6.402251803312576
2_18175,1,0.9899999999999999,1.4481822979546903,-173.73703368893666
2_18178,0,0.9899999999999999,4.063939500467859,-2.549018475445589
2_18178,1,0.9899999999999999,3.244164069935423,-13.990679401524504
2_18179,0,0.9899999999999999,2.2052456404388674,-16.143488461091163
2_18179,1,0.9899999999999999,1.5238810638210585,-6.90576491686751
2_18180,0,0.9899999999999999,2.6423655356047298,0.011971885994818021
2_18180,1,0.9899999999999999,1.6611583411873567,-36.94676456047248
2_18181,0,0.9899999999999999,2.4649310294698923,-4.948783886734092
2_18181,1,0.9899999999999999,3.386477208928578,-3.9645779883397942
2_18184,0,0.989999999999728,1.9014203387832713,0.38603684617509615
2_18184,1,0.9899999999999999,1.0000000000000002,-2.927247705572604
2_18185,0,0.9899999999999999,1.0000000000000002,-2.283893980845292
2_18185,1,0.9899999999999999,1.0000000000000002,-5.983045932900101
2_18186,0,0.9899999999999999,1.0000000000000002,-0.9310884105877526
2_18186,1,0.9899999999999999,1.0000000000000002,-2.385591112430385
2_18187,0,0.989999999245226,1.0000000000000002,
2_18188,0,0.9207653956755241,1.6358279989004636,0.0
2_18188,1,0.9899999998482568,1.0000000000000002,
2_18189,0,0.9899999999999999,1.6921907715682358,-10.208279386539463
2_18189,1,0.9899999999999999,1.1486095800943685,-6.930901368940591
2_18190,0,0.9899999999999999,2.2892929046312824,-10.911973113697448
2_18190,1,0.9899999999999999,3.316398259933222,-21.173068925300136
2_18193,0,0.9899999999999999,5.586766951975473,-17.518345507382733
2_18193,1,0.9899999999999999,1.3360356391316872,-1497.839225544719
2_18194,0,0.9899999999999999,2.8051469246817318,0.08730135148518647
2_18194,1,0.9899999999999999,1.0000000000000002,-48.994949075678676
2_18195,0,0.9899999999999626,1.8731394753761235,0.32544821606767427
2_18195,1,0.9899999999995542,2.9037353089093507,0.08431461678660745
2_18196,0,0.9899999999999999,2.990694720076516,0.11287216144592294
2_18196,1,0.9899999999999927,1.6153871178711823,0.005492571767881316
2_18199,0,0.9899999999999999,1.3579352693488556,-25.495496671106647
2_18199,1,0.9899999999999999,1.0000000000000002,-33.43883545902951
2_18206,0,0.9899999999999999,9.999999999999998,-9.352449249268306
2_18206,1,0.9899999999999999,1.6288006595447546,-3134.188297627821
2_18209,0,0.9899999999999999,2.5787233240879535,-22.44987636362186
2_18209,1,0.9899999999999999,1.0000000000000002,-164.2173733161113
2_18210,0,0.9899999999999999,2.9237207057961077,-1.615973561339806
2_18210,1,0.9899999999999999,1.0000000000000002,-11.586627954427385
2_18211,0,0.9899999999999999,9.999999999999998,-18.378694312193907
2_18211,1,0.9899999999999999,1.0719876927564007,-12207.703579458252
2_18212,0,0.9899999999999999,9.999999999999998,-10.435777591604072
2_18212,1,0.9899999999999999,9.999999999999998,-32508.420623971433
2_18216,0,0.9899999999999999,9.999999999999998,-12.654013550720743
2_18216,1,0.9899999999999999,2.628797042720591,-26020.505574713323
2_18217,0,0.9899999999999999,2.492891426591582,-1.6076100741058523
2_18217,1,0.9899999999999999,1.0000000000000002,-9.78561740999749
2_18220,0,0.9899999999999999,1.771560538508404,-390.8103286516108
2_18220,1,0.9899999999999999,1.4779314114766038,-323.63082438433605
2_18221,0,0.9899999999999999,5.979458861373189,-864.7870144353733
2_18221,1,0.9899999999999999,4.628025911472341,-790.1879826682567
2_18222,0,0.9899999999999999,7.7189290578310095,-20.096378281461522
2_18222,1,0.9899999999999999,1.211752757249886,-41681.521554656625
2_18225,0,0.9899999999999999,2.3095274819427276,-47.64244482017318
2_18225,1,0.9899999999999999,1.000000000000001,-6282.803389853216
2_18228,0,0.9899999999999999,2.194546304562751,-22.028383525777915
2_18228,1,0.9899999999999999,1.0052285679237298,-82.91804399264532
2_18229,0,0.9899999999999999,1.8384682623357713,-72.57170070663364
2_18229,1,0.9899999999999999,1.0706165845238027,-133.16896501052483
2_18231,0,0.9899999999999999,3.174740951184776,-0.6496943716783534
2_18231,1,0.9899999999999999,1.6126803583879272,-19.235574716996595
2_18234,0,0.9899999999999999,1.0144755541224901,-2.478756733148261
2_18234,1,0.9899999999999999,4.655754192989228,0.05976729889379173
2_18236,0,0.9899999999999999,1.9173624064155699,0.10887854925393892
2_18236,1,0.9899999999999999,1.0000000000000002,-1.1339323211977792
2_18237,0,0.9750473411780086,1.0000000000000002,0.6915076871666246
2_18237,1,0.9899999999999999,1.0000000000000002,-68.30125911311575
2_18238,0,0.10798215130401269,2.6133835522537416,0.562435580361839
2_18238,1,0.9899999999999999,1.2869035779088212,-0.0765389668287304
2_18239,0,0.9899999999999999,1.621827927793937,-0.752206033682814
2_18239,1,0.9899999999999999,1.0000000000000002,-34.13801209136381
2_18240,0,0.9899999999999999,2.8617587471366543,-0.1699751504706486
2_18240,1,0.989999999999999,1.0584591081007821,-0.4724089675030356
2_18241,0,0.9899999999999999,3.7984930890420876,-0.06865676217575567
2_18241,1,0.9899999999999999,1.0000000000000002,-0.361568866020441
2_18242,0,0.9899999999999999,2.115964470187525,-0.5046092928639458
2_18242,1,0.9899999999999999,1.0000000000000002,-8.124933428067662
2_18243,0,0.9899999999999998,2.381811580485488,0.3996252366809596
2_18243,1,0.9899999999999999,1.8467326655320984,-0.9767930734469799
2_18244,0,0.9899999999999999,1.8965512146974741,-7.0983897857350815
2_18244,1,0.9899999999999999,1.4755794871299417,-43.830366059070926
2_18246,0,0.9899999999999967,1.5019091195722414,-0.19294700001626364
2_18246,1,0.9899999999999999,1.0000000000000002,-1.4972771618975633
2_18248,0,0.9899999999999999,6.096068624761176,-12.585064474386023
2_18248,1,0.9899999999999999,1.6964458662454605,-379.8499343530612
2_18249,0,0.9899999999999999,9.999999999999998,-6.17360013988121
2_18249,1,0.9899999999999999,1.7152037547926011,-5776.241043760782
2_18250,0,0.9899999999999999,2.0495912316985385,-50.45594710690856
2_18250,1,0.9899999999999999,1.0000000000000002,-333.6467747692986
2_18251,0,0.9899999999999999,2.8453791486525,-58.396037656336205
2_18251,1,0.9899999999999999,1.0000000000000002,-38245.73682497115
2_18254,0,0.9899999999999999,2.871422679232375,-42.287243234181005
2_18254,1,0.9899999999999999,1.0000000000000004,-670.5795087596802
2_18255,0,0.9899999999999999,4.471172065477268,-0.8701494252256279
2_18255,1,0.9899999999999999,1.282123359839133,-260.02443958938477
2_18256,0,0.4718589236484548,6.632935991821351,0.40677223335255697
2_18256,1,0.9899999999999999,1.3035464839024165,-1374.1741561899175
2_18258,0,0.011217865371787844,5.657153890616435,0.3535987578134082
2_18258,1,0.9899999999999999,1.1064206923624096,-393.6109722349308
2_18259,0,0.03680315063530988,4.484557171527455,0.41145130853279155
2_18259,1,0.6994058697328658,4.979747616483988,0.029807297915916187
2_18260,0,0.9899999999999999,1.3049029801448517,-9.640507005315962
2_18260,1,0.9899999999999999,1.0000000000000002,-381.61676723423165
2_18265,0,0.9899999999999999,3.0983418190986187,-35.490508941775275
2_18265,1,0.9899999999999999,1.0000000000000002,-85.64631895731944
2_18266,0,0.9899999999999924,2.685479208977315,0.17261053555495665
2_18266,1,0.9899999999999999,1.6853210422729394,-4.781145209736653
2_18267,0,0.9899999999999999,9.999999999999998,-0.7223376944220048
2_18267,1,0.9899999999999999,5.9088310583408905,-83.80523642428172
2_18268,0,0.9899999999999887,3.512330724599747,-0.24625733215395962
2_18268,1,0.9899999999999999,4.210588453846372,-0.18581155319107423
2_18270,0,0.9899999999999999,4.316388411172003,-2.0463385229664697
2_18270,1,0.9899999999999999,3.6274008610498445,-0.5188867064226979
2_18792,0,0.4483393725782288,2.630860475182701,0.4644566932278642
2_18792,1,0.9899999999999815,1.9379151869553684,-0.24025903392127468
2_4170,0,0.9899999999999999,2.1764053961281906,0.16151856931099506
2_4170,1,0.9899999999999936,1.0661012980738653,-1.0217872962802095
2_4184,0,0.9899999999999999,1.651874874856574,-0.7816400890993098
2_4184,1,0.9899999999999999,1.7448060540884638,0.34108696825223905
2_4190,0,0.031937190083366804,4.839759432994105,0.4594173544290354
2_4190,1,0.9899999999999999,1.3601090586145501,-501.17018846710573
2_4223,0,0.6835968049760243,4.950159358861653,0.09512923194970135
2_4223,1,0.9899999999999999,2.347149106254597,-0.15987547186880047
2_4230,0,0.08943531923535818,6.253155358890763,0.28948415879934886
2_4230,1,0.9899999999999999,1.0000000000000002,-1444.42136840666
2_4248,0,0.5829328829207265,4.178091988020832,0.35191404376094215
2_4248,1,0.9899999999999999,1.0000000000000002,-5144.232855895113
2_4277,0,0.9899999993914018,1.000000000000845,
2_4277,1,0.9899999999999655,1.0000000001341565,
2_4283,0,0.9899999999999999,1.609336105000487,-28.95405636026243
2_4283,1,0.9899999999999999,1.0000000000000002,-36.49663978924648
2_4288,0,0.9899999999999999,1.1435300945886613,-0.6926606866851737
2_4288,1,0.9899999999999978,1.2777375817747394,-0.15757454495610568
2_4289,0,0.9899999999999999,1.4774237333123212,-1.2911361785018336
2_4289,1,0.9899999999999999,4.516906814148776,-5.0269112031756
2_4290,0,0.989999999999991,2.5217867637175853,0.850568278641965
2_4290,1,0.9899999999999999,1.0000000000000002,-73.60890225669809
2_4292,0,0.9899999999999999,3.181121488040358,-3.6653828220869125
2_4292,1,0.9899999999999999,1.604373187882524,-32.15784813681433
2_4293,0,0.9899999999999999,4.945936651920484,-12.75300684459045
2_4293,1,0.9899999999999999,2.360215717709072,-772.0893053146374
2_4294,0,0.9899999999999999,1.6251936025710614,-7.1969464445315285
2_4294,1,0.9899999999999999,1.0000000000000002,-147.7085542206336
2_4346,0,0.05517180924303925,5.560098021162344,
2_4346,1,0.9899999999999999,1.000000000025115,
2_4347,0,0.9899999999999999,1.913561306731085,-8.439433722002615
2_4347,1,0.9899999999999999,1.8078570472458046,-14.69451471644227
2_4350,0,0.9028779750979992,1.7095274270861063,0.4756749288876604
2_4350,1,0.7983551672130705,1.73693593876213,0.406700018195434
2_4367,0,0.9899999999999999,3.560896196011776,-11.9174216107756
2_4367,1,0.9899999999999999,1.3820248297889304,-33.52826624689614
2_4368,0,0.9899999999999999,3.1203350462184445,-1.166826760504319
2_4368,1,0.9899999999999999,1.4777236277821069,-47.502744354104045
2_4370,0,0.9899999999999999,2.0042193449860157,-0.6767149927391591
2_4370,1,0.9899999999999999,1.0000000000000002,-50.766225953677825
2_4371,0,0.9899999999999999,1.0000000001277145,
2_4371,1,0.9899999999999669,1.0000000001300247,
2_4384,0,0.9899999999999943,2.6608208073463664,-1.2942261292604056
2_4384,1,0.9899999999999999,3.794652503705123,-2.3655013137653795
2_4394,0,0.9899999999999999,1.1667453049323024,-4.10112229315952
2_4394,1,0.9899999999999999,1.0000000000000002,-12.25151094397162
2_4395,0,0.9899999999999999,1.1332319991208757,-6.124583993810599
2_4395,1,0.9899999999999999,1.0000000000000013,-3.84450089645176
2_4397,0,0.9899999999999999,4.133670055489258,-11.543672127684413
2_4397,1,0.9899999999999999,1.273528425001555,-22.016843159130357
2_4400,0,0.9899999999999999,2.264123979986538,-32.720952628279576
2_4400,1,0.9899999999999999,1.000000000000008,-106.11277438080381
2_4425,0,0.9899999999999999,1.6279662286180594,-44.9395409908838
2_4425,1,0.9899999999999999,1.0000000000000002,-93.00414425387173
2_4432,0,0.9899999999999999,3.0982613318984797,-0.5338324729076132
2_4432,1,0.9899999999999999,1.2293290697971295,-4.462779220955619
2_4443,0,0.7842109445206636,4.137496666640086,0.41795786344808206
2_4443,1,0.9899999999999999,2.153792592819369,-0.048720042785557416
2_4458,0,0.9899999999999999,1.0000000000000002,-10.019739015976967
2_4458,1,0.9899999999999999,1.0000000000000004,-11.809279939557802
2_4468,0,0.2638461492398554,2.1808122210145715,0.4388684481523232
2_4468,1,0.9899999999999999,1.0000000000000002,-33.59122063242405
2_4472,0,0.9899999999999999,2.9145830158919797,-0.1624680272546719
2_4472,1,0.9899999999999999,3.314997847010107,0.1291267748006809
2_4474,0,0.9899999999999999,2.7303456834171955,0.11394060638702774
2_4474,1,0.9899999999999999,1.3658918104273503,-3.598767125803999
2_4514,0,0.9899999999999999,1.0459456607163677,-3.9291514444049263
2_4514,1,0.9899999999999999,1.7021238370690799,-3.378151649777309
2_4517,0,0.09678112202544918,9.999999999999977,-0.47737486605526747
2_4517,1,0.9899999999999999,1.0000000000000002,-17868.39016485587
2_4519,0,0.9899999999999999,9.878863685885127,-13.874336042899436
2_4519,1,0.9899999999999999,1.2648663766932917,-40962.83724194509
2_4534,0,0.9899999999999999,1.8097118416024807,-0.3571857832351417
2_4534,1,0.9899999999999999,1.0000000000000002,-68.51014234093927
2_4535,0,0.9899999999999999,1.000000000005698,0.27797793556018147
2_4535,1,0.9899999999999999,1.2210525251849202,-4.75499639685764
2_4539,0,0.9899999999999999,7.528093375482239,-93.66131607505746
2_4539,1,0.9899999999999999,1.0000000000000002,-1391.5340534913921
2_4541,0,0.9899999999999999,1.829102422463671,-5.165530699740113
2_4541,1,0.9899999999999999,1.9279543806333723,-0.2508819503042101
2_4542,0,0.9899999999999999,3.296222921565154,-3.330786853086801
2_4542,1,0.9899999999999999,1.0000000000000002,-8.517766355411956
2_4550,0,0.9899999999999999,1.099413970407054,-1.3376418570092126
2_4550,1,0.9899999999999999,1.0000000000000002,-1.8254882929083478
2_4564,0,0.9899999999999999,1.0000000000000002,-3.1254990786627186
2_4564,1,0.9899999999999999,1.0000000000000002,-7.840350207552584
2_4572,0,0.9899999999999999,1.8790155515498763,-0.9514738178408935
2_4572,1,0.9899999999999999,1.631311999451207,-22.89596788122571
2_4578,0,0.9899999999999999,2.7684823666615257,-14.539134294099952
2_4578,1,0.9899999999999999,2.7727082574405593,-22.994963736403246
2_4581,0,0.9899999999999999,1.6398318248352468,-2.9139181770585765
2_4581,1,0.9899999999999999,1.5569998530594624,-3.259186879424167
2_4613,0,0.9899999999999999,1.454164883358156,-0.34136318394726883
2_4613,1,0.9899999999999999,2.2691476679329017,0.0014136833119301473
2_4622,0,0.9899999999999999,1.5835156342074728,-89.8618312603788
2_4622,1,0.9899999999999999,2.062668418680696,-107.30061102122514
2_4648,0,0.9899999999999999,1.5230882476878573,-0.847954105633812
2_4648,1,0.9899999999999999,1.969667392860423,-1.438062275003991
2_4649,0,0.9899999999999999,5.050417062157495,-27.82728532605947
2_4649,1,0.9899999999999999,6.171253779541366,-47.40471794523771
2_4652,0,0.9899999999999999,3.6795268094427054,0.47518521796125823
2_4652,1,0.9899999999999999,1.5828116567161588,-16.36883444422821
2_4653,0,0.5387230073872176,2.7791965498335562,-0.14091944836903392
2_4653,1,0.9899999999999999,1.3388904750188901,-3.6890774257094145
2_4687,0,0.9899999999999999,1.0000000000000002,-1.7623767190413417
2_4687,1,0.9899999999999999,5.942025766020562,-1.3980300966001198
2_4690,0,0.49483628924311085,2.490801374786852,0.594363912328477
2_4690,1,0.9274782272960564,1.918207885453073,0.49266620322975196
2_4700,0,0.9899999999999999,1.0000000000000002,-0.9607552857179193
2_4700,1,0.9899999999999999,1.0000000000000002,-3.248503265777142
2_4702,0,0.9899999999999999,1.0000000000000002,-5.5237192047630215
2_4702,1,0.9899999999999999,1.0000000000000004,-3149182.10670679
2_4708,0,0.41745618197810175,2.234835188255963,0.4113013521102292
2_4708,1,0.9899999999999999,1.0000000000000002,-1.845300518156253
2_4720,0,0.9899999999999999,4.641969789455961,-170.5403066555224
2_4720,1,0.9899999999999999,2.937327849999541,-239.75451520498666
2_4721,0,0.9899999999999999,3.464274879296983,-54.489111852078956
2_4721,1,0.9899999999999999,1.8394863067322464,-40486.47519149284
2_4726,0,0.988942221240224,1.3982620749494987,
2_4726,1,0.9899999987753838,1.0000000000000036,
2_4779,0,0.9899999999999999,2.384327561002806,0.48853117350714514
2_4779,1,0.9899999999999999,1.3836274169764664,-11.927219851457066
2_4781,0,0.9899999999999999,2.3293148892423967,-0.11077744534371314
2_4781,1,0.9899999999999999,1.2477516475024533,-4.602180369613863
2_4796,0,0.22107855913815197,3.0576653301437178,0.1007436484225882
2_4796,1,0.9899999999999999,1.0000000000000002,-393.83705625632973
2_4805,0,0.9899999999999999,1.0000000000000002,-24.324828087386642
2_4805,1,0.9899999999999999,1.0000000000000002,-9.347657293171192
2_4819,0,0.9899999999999999,9.999999999999995,-10.41704519564994
2_4819,1,0.9899999999999999,1.193099344014428,-41032.32160180312
2_4874,0,0.0173030964257239,3.8696509261398058,1.0
2_4874,1,0.9899999999999999,1.0000000000000002,-2.343326811013898
2_4885,0,0.9899999999999999,3.130169843987007,-20.598540895601488
2_4885,1,0.9899999999999999,1.0000000000000002,-11.343704243754862
2_4886,0,0.3988576069871474,6.196538246780245,0.10389218431808189
2_4886,1,0.7508186989224415,2.369889443393437,0.19776302103402876
2_4887,0,0.9899999999999999,3.5108141405250017,-0.23107206710457273
2_4887,1,0.9899999999999999,1.0000000000000029,-3.038883991702905
2_4892,0,0.9899999999999999,1.0000000000000002,-29.56757351415916
2_4892,1,0.9899999999999999,1.3829913946812504,-14.215038503660587
2_4897,0,0.798304813538937,2.8787987017109544,0.5015749875506184
2_4897,1,0.9899999999996525,2.883315431101479,0.44351237347262695
2_4906,0,0.9899999999999999,7.917746501892792,-5.784668576110808
2_4906,1,0.9899999999999999,3.268868530486111,-9.154721175475895
2_4911,0,0.9899999999999999,1.0000000000000002,-93.92414551937895
2_4911,1,0.9899999999999999,1.0000000000000002,-69.65094485252135
2_4925,0,0.6257690149391818,2.592034576630683,0.4181015854235016
2_4925,1,0.989999999999999,2.322307332397719,0.36677823499366213
2_4927,0,0.9899999999999999,4.206089060501706,-7.4289728261126555
2_4927,1,0.9899999999999999,1.881404941123436,-190.9074527994129
2_4928,0,0.9899999999999999,2.1852059026227524,-0.4337250582580794
2_4928,1,0.9899999999999999,1.4302616067980445,-0.10430884279800479
2_4945,0,0.9899999999999999,2.476742342864669,0.10234753786328754
2_4945,1,0.9899999999999999,2.4708657386059616,0.3346027493205709
2_4948,0,0.9770433794328207,1.2838819180702445,
2_4948,1,0.9899999995811256,1.0000000000000127,
2_4970,0,0.9899999999999776,1.000000039611587,
2_4970,1,0.9899999999999293,1.000000009224261,
2_4972,0,0.028620241113054418,9.999999999999998,-0.6315197590895396
2_4972,1,0.9899999999999999,1.100995037518259,-1442.001339665054
2_4983,0,0.9899999999999999,2.908712427122848,-62.459670938910286
2_4983,1,0.9899999999999999,1.9861363989370888,-251.83434537863667
2_4984,0,0.9899999999999999,2.908825719142751,-62.460343880517
2_4984,1,0.9899999999999999,1.9861032500258662,-251.8324275511226
2_4991,0,0.9899999999999999,4.079216255777705,-32.22534377367426
2_4991,1,0.9899999999999999,1.3470064021065038,-161.1480810802281
2_5023,0,0.9899999999999999,5.57099944730076,-0.6333514548851455
2_5023,1,0.9899999999999999,1.0000000000000002,-1858.7277043573038
2_5034,0,0.9899999999999999,2.206803353928525,-0.8783214703913111
2_5034,1,0.9899999999999999,4.2287189110412085,-1.6533302401814427
2_5035,0,0.9899999999999999,5.206490559342004,-10.387618629915757
2_5035,1,0.9899999999999999,1.0000000000000002,-239.5591698299248
2_5036,0,0.9899999999999999,2.513907249580073,-5.400834347352222
2_5036,1,0.9899999999999999,1.0000000000000002,-205.92587032459707
2_5037,0,0.9899999999999999,2.665281707956519,-1.4430169889356432
2_5037,1,0.9899999999999999,1.0000000000000002,-166.13232141705834
2_5040,0,0.9899999999999999,1.3866575405698174,-157.98002163003375
2_5040,1,0.9899999999999999,1.7706692345140806,-314.1438320412333
2_5054,0,0.9899999999999999,2.2000678272206042,-3.932510197709701
2_5054,1,0.9899999999999999,2.2198541733743844,-2.8470179867609535
2_5063,0,0.9899999999999999,1.6392564023697211,-0.9725183127457957
2_5063,1,0.9899999999999999,1.0000000000000002,-18.113775922324894
2_5064,0,0.9899999999999999,2.4980416763296307,-2.8510046855173563
2_5064,1,0.9899999999999999,1.0000000000000002,-41.19594392530207
2_5098,0,0.9899999999999999,8.196109303397883,-3.4027808134501267
2_5098,1,0.9899999999999999,3.089642953145491,-6.498721452165006
2_5099,0,0.9899999999999999,6.932831628129003,-6.477780739344056
2_5099,1,0.9899999999999999,1.867265630742871,-60667.40209307746
2_5102,0,0.9899999999999999,1.990373319018048,-56.85220917319783
2_5102,1,0.9899999999999999,1.5467762351325802,-38.40744802670924
2_5105,0,0.9899999999999999,7.406791439357378,-0.010738203873303709
2_5105,1,0.9899999999999999,1.0000000000000002,-33.64469858233781
2_5108,0,0.9899999999999999,2.35174800241359,-0.3156910740980716
2_5108,1,0.9899999999999999,1.3950342740479331,-490.1953000041603
2_5109,0,0.9899999999999999,1.073646869911013,-35.46341943087442
2_5109,1,0.9899999999999999,1.8438237358899545,-1127.3148988634057
2_5111,0,0.010000000000000002,9.647588586526734,-1.2861719570042887
2_5111,1,0.9899999999999999,1.2596152349055996,-42500.56535536492
2_5112,0,0.9899999999999999,2.5480394257337817,-36.00528451082993
2_5112,1,0.9899999999999999,2.2774909393486764,-24.687539454485837
2_5113,0,0.01000000000000003,6.8687138151885865,-0.7337215554145011
2_5113,1,0.9899999999999999,1.0000000000000002,-16873.863121084578
2_5119,0,0.9899999999999999,1.6961847527314877,-28.3287228635374
2_5119,1,0.9899999999999999,1.1279995694840133,-385.9589235308469
2_5136,0,0.5296409938582994,2.012260540984064,0.5184803718882689
2_5136,1,0.9899999999999999,1.0000000000000002,-5.213828828379927
2_5146,0,0.5791270804947485,2.0046164294091198,0.5859147537233953
2_5146,1,0.9899999999999999,1.0000000000000002,-4.396159534000918
2_5165,0,0.9899999999999999,2.800502753703176,-0.1044349003187337
2_5165,1,0.9899999999999675,2.333721241587263,0.2533189875343972
2_5169,0,0.9899999999999999,2.150305945068993,-0.0602163364270234
2_5169,1,0.9899999999999999,2.316880807038795,0.044170523261919614
2_5190,0,0.9899999999999999,1.5694347323813322,-3.2256105137235656
2_5190,1,0.9899999999999999,1.0000000000000002,-61.4527191651294
2_5201,0,0.9899999999999999,4.599209829435319,-211.3008578142638
2_5201,1,0.9899999999999999,1.557614116885771,-360484.3369039661
2_5206,0,0.9899999999999999,1.2226318100570337,-0.009040543563502812
2_5206,1,0.9899999999999999,1.000923996283686,-0.06281700730560047
2_5209,0,0.9899999999999999,1.0000000000000002,-8.295827573011957
2_5209,1,0.9899999999999999,1.0000000000000002,-1177060.6685514126
2_5211,0,0.9899999999999999,1.461038084074385,0.29717593982077706
2_5211,1,0.9899999999999999,1.0000000000000002,-2.23618640231168
2_5215,0,0.9899999999999999,3.9955747319768586,-0.18538653384093018
2_5215,1,0.9899999999999999,1.0000000000000009,-2599.791654284584
2_5216,0,0.9899999999999999,3.904323582625054,-0.06597506942465814
2_5216,1,0.9899999999999999,1.0000000000000002,-1647.0230391782393
2_5218,0,0.9899999999999999,1.741328332347806,-5.795509172624549
2_5218,1,0.9899999999999999,1.0000000000000002,-27.5280800701254
2_5223,0,0.9899999999999999,6.263234454294953,-23.67477677413397
2_5223,1,0.9899999999999999,1.0000000000000002,-1912.2679899602688
2_5224,0,0.9899999999999999,2.8298271671989177,-71.34975231406436
2_5224,1,0.9899999999999999,2.0831480325729688,-128.8380706822458
2_5225,0,0.9899999999999999,1.4971060565350371,-7.44396817422289
2_5225,1,0.9899999999999999,1.4396023727957095,-132.06670201839327
2_5240,0,0.9899999999999982,1.1138920749849088,-0.2643598298085035
2_5240,1,0.9899999999999999,1.007697487172511,-1.2137751166786073
2_5264,0,0.9899999999999999,1.2550306595675704,-6.936435693464705
2_5264,1,0.9899999999999999,1.0000000000000002,-325.0707328959148
2_5275,0,0.9899999999999862,1.8926877416447838,0.20930974709122896
2_5275,1,0.9899999999997726,2.525333115185781,0.15464408705454524
2_5295,0,0.9899999999999999,1.456886688973821,-3.8727336524583977
2_5295,1,0.9899999999999999,3.0096967925177553,-0.49375389170729855
2_5296,0,0.9899999999999999,2.568986796398302,0.5448994779657519
2_5296,1,0.9899999999999997,1.2008977638024636,-0.24192397449844094
2_5297,0,0.9899999999999999,3.1317747951139836,-4.906889237432454
2_5297,1,0.9899999999999999,3.2173701001650246,-14.51421355724169
2_5298,0,0.5539061495548857,1.9392199253167424,0.5376510210643162
2_5298,1,0.9899999999999999,1.2638683109433144,-1.4836060496147203
2_5300,0,0.9899999999998914,2.1254156575431464,0.30401611503939663
2_5300,1,0.9645802774148143,2.6628329715381045,0.24889711613708942
2_5302,0,0.9899999999999999,1.4777634782973283,-17.630153248573073
2_5302,1,0.9899999999999999,1.0000000000000002,-136.40303471548856
2_5303,0,0.9899999999999999,1.0000000000000002,-80.6892787286602
2_5303,1,0.9899999999999999,1.0000000000000002,-207.96488617676442
2_5308,0,0.9899999999999999,1.4303877821791833,-1.7613852126706138
2_5308,1,0.9899999999999999,1.0000000000000002,-2.3406548100752103
2_5309,0,0.9899999999999999,1.6050502699740374,-2.1734873505855887
2_5309,1,0.9899999999999999,1.0000000000000002,-7.096248937389031
2_5332,0,0.9899999999999999,1.4447840143590058,-39.692684198688
2_5332,1,0.9899999999999999,1.0000000000000002,-66.40267238482751
2_5335,0,0.9899999999999999,1.0000000000000002,-14.207354685623455
2_5335,1,0.989999999999994,1.257407610560274,-34.56551686347957
2_5339,0,0.9899999999999999,1.497638947059125,-2.060204535627712
2_5339,1,0.9899999999999999,1.0000000000000002,-8.837975715479033
2_5359,0,0.9899999999999999,2.0309262356088515,-252.80918392793015
2_5359,1,0.9899999999999999,1.9526365989805854,-28.16596904635903
2_5360,0,0.9899999999999999,9.999999999999998,-117.76842014858457
2_5360,1,0.9899999999999999,1.0000000000000002,-254038.7250983211
2_5404,0,0.9899999999999999,2.7183722679814073,-0.5742820678234775
2_5404,1,0.9899999999999983,1.5844076477213205,-0.3268047877793947
2_5423,0,0.9899999999999999,9.999999999999998,-32.237604619710176
2_5423,1,0.9899999999999999,9.999999999999998,-114.6782951031813
2_5438,0,0.9899999999999999,1.2499144311157495,-1.6893704576966275
2_5438,1,0.9899999999999999,1.0000000000000002,-1409.1332052658859
2_5450,0,0.9899999999999999,9.99999999999987,-326.1401788445068
2_5450,1,0.9899999999999999,1.0000000000000002,0.0
2_5451,0,0.9899999999999999,1.000000000000025,-302.9337315310814
2_5451,1,0.9899999999999999,1.0000000000000002,0.0
2_5464,0,0.9899999999999999,1.0000000000000002,-248.9121879077281
2_5464,1,0.9899999999999999,2.1869239406087044,-59.0750359697044
2_5465,0,0.9899999999999999,9.999999999999998,-125.19799034924714
2_5465,1,0.9899999999999999,1.0000000000000002,-1089663.4741494942
2_5470,0,0.9899999999999999,2.3072083376141626,-58.750087917107265
2_5470,1,0.9899999999999999,2.6041461983645613,-965.4577007191965
2_5545,0,0.022529623784813615,5.291924639171364,-0.18725624579376854
2_5545,1,0.9899999999999999,1.926777136299609,-1.0786189135485889
2_5551,0,0.9899999999999999,4.417987360883236,-0.5340887794837401
2_5551,1,0.9899999999999998,2.2932388622569415,-1.0657656680645085
2_5592,0,0.9899999999999999,3.6353986857426466,-112.8345374921262
2_5592,1,0.9899999999999999,1.0000000000000002,-343.2327213588872
2_5593,0,0.9899999999999999,2.6462859933253533,-67.47305846737403
2_5593,1,0.9899999999999999,1.0000000000000002,-208.52241302042225
2_5606,0,0.9899999999999999,2.100239840010818,-11.448215035882495
2_5606,1,0.9899999999999999,2.7985490635870964,-8.818939805847746
2_5616,0,0.9899999999999999,1.0000000000000002,0.023676498311836602
2_5616,1,0.9899999999999999,9.999999999999998,-495.07948107015307
2_5636,0,0.9899999999999999,1.0930759623983928,-40.01820145441984
2_5636,1,0.9899999999999999,1.0000000000000002,-254.81767113517415
2_5650,0,0.9899999999999999,1.0000000000000002,-0.7417510284955606
2_5650,1,0.9899999999999999,1.0000000000000002,-1.9961568000291723
2_5656,0,0.9899999999999999,3.7984743624869775,0.17424511855950142
2_5656,1,0.9899999999999999,1.0000000000000002,-54.04607626369531
2_5659,0,0.32419604195166424,1.0000000000000002,0.9680183755916683
2_5659,1,0.9899999999999999,1.0000000000000002,-15391891.602960033
2_5665,0,0.9899999999999999,1.0000000000000002,-24.598949724608172
2_5665,1,0.9899999999999999,1.5591350650331424,-11.665307549212493
2_5667,0,0.9899999999922525,9.99999988221369,
2_5667,1,0.9899999999977661,9.999999920662342,
2_5668,0,0.9899999999888929,9.999999868119547,
2_5668,1,0.9899999999827318,9.999999946461866,
2_5673,0,0.9899999999999999,8.932803003804343,-146.75735935193197
2_5673,1,0.9899999999891673,9.99999992394432,
2_5674,0,0.9899999999999999,2.4408720644443487,-10.262307709190926
2_5674,1,0.9899999999999795,1.000000004543563,
2_5680,0,0.9899999999999999,9.999999999999998,-73.52457307510804
2_5680,1,0.9899999999999999,1.4156309023131117,-5482.839566967112
2_5683,0,0.9246151412259298,1.0000000000000002,0.9728730454151686
2_5683,1,0.9899999999999999,2.4647971463858207,0.0
2_5684,0,0.6095544457178289,1.222186213824966,1.0
2_5684,1,0.9899999999999999,1.4646007484437356,0.0
2_5723,0,0.9899999999999999,1.0000000001277145,
2_5723,1,0.9899999952499328,1.0000000000001017,
2_5728,0,0.9899999999999879,1.0000000003140797,
2_5728,1,0.9899999999999726,1.0000000064107575,
2_5743,0,0.4925427613324965,1.7807113274646413,0.5970921876265787
2_5743,1,0.9899999999999999,1.2347412313001058,-0.37227144826425107
2_5759,0,0.9899999999999999,5.137086493566211,-1498.8827677375978
2_5759,1,0.9899999999999999,5.60307945152185,-915.2065312269376
2_5760,0,0.9899999999999999,9.999999999999998,-49.988426085823924
2_5760,1,0.9899999999999999,2.826291002808731,-78.51422826554345
2_5762,0,0.9899999999999999,9.999999999999998,-86.0721244255325
2_5762,1,0.9899999999999999,3.0628083775192514,-218.12505277745322
2_5764,0,0.9899999999999999,8.933113038878563,-32.61938292761265
2_5764,1,0.9899999999999999,1.9866517400930899,-155.94356734150335
2_5765,0,0.9899999999999999,9.999999999999998,-11.341957684976384
2_5765,1,0.9899999999999999,1.1001518817157736,-57.566992984836574
2_5766,0,0.9899999999999999,2.738334094912945,-2.459757584709886
2_5766,1,0.9899999999999999,3.2834990091280867,-1.8676913164080302
2_5767,0,0.9899999999999999,4.371174880025127,-34.13127329596412
2_5767,1,0.9899999999999999,2.216058963562008,-44.83742549437116
2_5769,0,0.9899999999999999,9.999999999999998,-24.474401171999023
2_5769,1,0.9899999999999999,2.057611374436661,-60.82155907464283
2_5770,0,0.9899999999999999,9.999999999999998,-4.595905718776817
2_5770,1,0.9899999999999999,1.000000000000001,-543.1689749696473
2_5771,0,0.9899999999999999,5.818106077810442,-25.934979536850047
2_5771,1,0.9899999999999999,1.809025034304187,-1061.8416680131268
2_5772,0,0.9899999999999999,9.999999999999998,-13.871679286494725
2_5772,1,0.9899999999999999,3.5562397178314105,-23.503095807084975
2_5773,0,0.9899999999999999,9.999999999999995,-6.746107272805415
2_5773,1,0.9899999999999999,1.0000000000000002,-574.0198213123725
2_5774,0,0.9899999999999999,1.9036814441311665,-149.95708291331798
2_5774,1,0.9899999999999999,1.0000000000000002,-774.0227760452173
2_5775,0,0.4838337332620275,6.6314810035865515,0.3753795839309635
2_5775,1,0.9899999999999999,1.1340093150940656,-1299.266531926046
2_5779,0,0.9899999999999999,2.5594894749880517,-93.82042018598122
2_5779,1,0.9899999999999999,1.0000000000000002,-6066.2384873773735
2_5781,0,0.9899999999999999,3.3031321355507313,-60.03973587410943
2_5781,1,0.9899999999999999,1.0000000000000002,-34834.327787960516
2_5800,0,0.9899999999999999,2.4294648356430804,-0.3618285095306515
2_5800,1,0.9899999999999999,1.0000000000000002,-2.548285720660391
2_5804,0,0.9899999999999999,1.4059426397544996,-17.04777742600798
2_5804,1,0.9899999999999999,1.3681001725710173,-47.77995326282068
2_5805,0,0.9899999999999999,3.3746947479330505,-6.5647767890713045
2_5805,1,0.9899999999999999,1.0000000000000002,-2.9980222692420404
2_5806,0,0.9899999999999999,2.6223203285602743,-0.01737671031889887
2_5806,1,0.9899999999999999,1.7100849514219696,-2.802103696100175
2_5812,0,0.010000000000000002,4.18730466743853,0.21665488642414887
2_5812,1,0.9899999999998527,2.1244849291564907,0.2798805311121888
2_5813,0,0.9899999999999999,1.5316772428261038,-0.16218404096828198
2_5813,1,0.9899999999999999,1.3630896339175795,0.0794720752640865
2_5814,0,0.9899999999999999,2.359968859222023,-0.3771739175152595
2_5814,1,0.9899999999999999,1.0000000000000002,-39.57720404898921
2_5817,0,0.9899999999999999,2.605603886666598,-2.81343579050166
2_5817,1,0.9899999999999999,1.0000000000000002,-2.948356479958646
2_5819,0,0.9899999999999999,1.9159361447901373,-1.0380859840924468
2_5819,1,0.9899999999999999,1.3491840328288398,-0.2420445463959371
2_6124,0,0.2059081770774289,1.8406575008670414,-0.0022194269501418784
2_6124,1,0.9899999999999999,3.4267442634546885,0.037738043422428036
2_6132,0,0.9899999999999999,2.112287819954406,-4.291267920787875
2_6132,1,0.9899999999999999,1.0000000000000002,-14.815439555796814
2_6133,0,0.9899999999999999,1.5174903550653052,-2.3724929565943866
2_6133,1,0.9899999999999999,1.0000000000000002,-6.530672280449852
2_6135,0,0.9899999999999999,1.1492105488957562,-0.15780825312321634
2_6135,1,0.9899999999999999,1.0000000000000002,-258.03539994683643
2_6136,0,0.9899999999999999,1.0000000000000002,-4.615305623470742
2_6136,1,0.9899999999999999,1.1249308430378868,-5.167590718625215
2_6137,0,0.9899999999999999,1.0000000000000002,-2.792057699098712
2_6137,1,0.9899999999999999,1.6208098815014422,-2.8213405329495806
2_6138,0,0.9899999999999999,2.377032732982721,-27.416473550600962
2_6138,1,0.9899999999999999,1.04662893992123,-24.697228807490568
2_6139,0,0.9899999999999999,3.3186335269838754,-26.754006946968875
2_6139,1,0.9899999999999999,1.4613544121103974,-52.030665123539805
2_6140,0,0.9899999999999999,2.9509939647682324,-3.5026958828593235
2_6140,1,0.9899999999999999,1.8500856053072807,-10.699508413713053
2_6141,0,0.9899999999999999,6.502955440894565,-6.972007202704012
2_6141,1,0.9899999999999999,6.251485988261637,-5.568203451579878
2_6142,0,0.16520198726636687,4.83050826401246,0.44171187488125563
2_6142,1,0.21216325184688709,3.3729579281621014,0.5794205420115619
2_6143,0,0.9899999999999999,3.088916091700043,-1.8214346786479192
2_6143,1,0.9899999999999999,2.796629705688049,-0.43875002284523057
2_6144,0,0.9899999999999999,9.999999999999991,-24.028155347816593
2_6144,1,0.9899999999999999,5.251123762183159,-21.601310322474447
2_6145,0,0.9899999999999999,3.210138566739365,-1.1382267920384352
2_6145,1,0.9899999999999999,4.129107132205745,-1.3577050681556266
2_6524,0,0.9899999999999999,1.0000000000000002,-248.59746972257886
2_6524,1,0.9899999999999999,1.0000000000000002,-367.9131051065021
2_6532,0,0.6626063987804339,1.0000000000000002,0.9848153143187087
2_6532,1,0.9899999999942878,1.0000000174938888,
2_6537,0,0.9899999999999999,5.671907107221333,-2.3881477251103718
2_6537,1,0.9899999999999999,2.4577443121740172,-1.2988268635202096
2_6561,0,0.9899999999999999,1.604997916152539,-4.783898897797798
2_6561,1,0.9899999999999999,1.0000000000000002,-46.70397548992227
2_6562,0,0.9899999999999999,1.560207909517563,-7.990061704214778
2_6562,1,0.9899999999999999,1.124295430146765,-155.86561485388083
2_6566,0,0.727806353491976,8.893876119826334,-0.38300130378138464
2_6566,1,0.5161065385984839,4.784882471374151,-0.23159892925076253
2_6647,0,0.9899999999999999,5.672564792721075,-0.10151603796461339
2_6647,1,0.7539311037062184,2.800919532999589,-2.042204328025103
2_6648,0,0.9899999999999999,2.754204131600886,0.07808533923825622
2_6648,1,0.7586154876624718,4.738546099068041,-1.2076473967964212
2_6650,0,0.989999999967895,9.999999927438608,
2_6650,1,0.9899999999999929,1.0000000001564553,
2_7794,0,0.9899999999999999,6.710053762077691,-195.68531124756063
2_7794,1,0.9899999999999999,1.7825284111232935,-293.1637257875514
2_7795,0,0.9899999999999999,5.464784668648525,-117.32336052643163
2_7795,1,0.9899999999999999,4.060256069373056,-112.58877372100281
2_7796,0,0.9899999999999999,2.5981638909779705,-253.79867440942007
2_7796,1,0.9899999999999999,1.381921308221328,-129.49527854885878
2_7797,0,0.9899999999999999,1.7195603621386293,-71.77155872028938
2_7797,1,0.9899999999999999,1.3727608612722317,-305.9898145368606
2_7802,0,0.010000000000004373,8.0256958857003,-1.9528536525107838
2_7802,1,0.9899999999999999,1.9820394886716262,-1969.1391490402216
2_7803,0,0.010000000000000443,7.9613087035247165,-1.9506424855466298
2_7803,1,0.9899999999999999,1.9923657328719755,-1973.97289304698
2_7805,0,0.2575193015437275,3.6280780206131436,0.34942715687661285
2_7805,1,0.2653326857293214,2.935309842261992,0.507242265427909
2_7806,0,0.9899999999999999,1.5749916716503298,-58.133628278919375
2_7806,1,0.9899999999999999,1.0000000000000002,-18.515054336853257
2_7809,0,0.9899999999999999,9.999999999999998,-9.736113011263111
2_7809,1,0.9899999999999999,1.8265126683041308,-3186.938500043958
2_7820,0,0.03614436685978746,5.6528830188170165,
2_7820,1,0.9899999986892924,1.0000000000000349,
2_7972,0,0.9899999999999999,9.999999999999998,-1.468329993946064
2_7972,1,0.9899999999999999,1.2352264579462195,-1472.054486832893
2_7973,0,0.9899999999999999,2.8706913994218937,-27.93432899078773
2_7973,1,0.9899999999999999,1.0000000000000002,-1000.571678189117
2_7974,0,0.9899999999999999,3.1333857560049405,-1.827597110822651
2_7974,1,0.9899999999999999,1.0000000000000002,-6062.1930772452115
2_8008,0,0.9899999999999999,1.9881727378240612,-26.675652109530418
2_8008,1,0.9899999999999999,1.0212063213474827,-108911.57024188882
2_8015,0,0.9899999999999999,2.226781756723045,-0.18857031983463735
2_8015,1,0.19455364272796402,9.999999999999998,-0.2214469705401958
2_8030,0,0.6570011477701542,1.0000000000000002,-5.879002152595278
2_8030,1,0.9899999999999999,1.0000000000000002,0.0
2_8032,0,0.9899999999999999,3.8758824341810905,-0.003723616534657026
2_8032,1,0.9899999999999999,3.832144301722761,-0.009387015048976766
2_8033,0,0.9899999999999999,9.999999999999998,-30.203780227894935
2_8033,1,0.9899999999999999,2.720836667021184,-97.12418093299442
2_8034,0,0.8921026192231856,2.420661757133556,0.04793569965366107
2_8034,1,0.8777682990587536,3.2106203201697165,0.07553923582655342
2_8036,0,0.9899999999999999,2.8760717818712385,-27.224944739126723
2_8036,1,0.9899999999999999,4.79583126884348,-30.018089890464868
2_8037,0,0.9899999999999999,2.635017251566481,-15.136650477904062
2_8037,1,0.9899999999999999,2.4271541619409662,-9.85551006737179
2_8038,0,0.9899999999999999,2.589400041301697,-16.463598828751998
2_8038,1,0.9899999999999999,2.1842432178297035,-6.889449439228651
2_8047,0,0.9899999999999999,3.667647660365086,-2.07049094830733
2_8047,1,0.9899999999999999,1.991863273612674,-1.9445323786733852
2_8060,0,0.9899999999999999,5.530916269883436,-3.0130910251083085
2_8060,1,0.9899999999999999,1.0348740265509544,-11.448233475529383
2_8067,0,0.9286646381701561,1.9759186572815157,0.5444325437619346
2_8067,1,0.9899999999999981,1.5368538351816543,0.08010816472549875
2_8069,0,0.9899999999999999,4.911486689876473,-16.152279185985524
2_8069,1,0.9899999999999999,1.0000000000000042,-25886.62091073458
2_8070,0,0.9899999999999999,4.462457123232186,-63.16608835467551
2_8070,1,0.9899999999999999,1.0000000000000002,-33526.758338230495
2_8102,0,0.2699216210828351,3.5871293339222685,
2_8102,1,0.9899999999917783,1.0000000172836614,
2_8136,0,0.9899999999999999,2.0294546058498755,-21.496488757820906
2_8136,1,0.9899999999999999,1.2833345865366852,-257.0220041159203
2_8138,0,0.9899999999999999,1.6770919281303591,-6.010998807248133
2_8138,1,0.9899999999999999,2.683332537839117,-299.8718587242459
2_8144,0,0.5560065557890118,6.451731364267708,0.4071217708582118
2_8144,1,0.9899999999999999,2.3040655681982534,-1771.8303956581565
2_8147,0,0.9899999999999999,2.312227856142184,-0.8759353214283423
2_8147,1,0.9899999999999999,1.4875433812913448,-181.16907018648106
2_8180,0,0.9899999999999999,6.1351190592440865,-84.09454606705975
2_8180,1,0.9899999999999999,1.2007012169175437,-73.81843095284802
2_8190,0,0.16667154903376302,2.1817402046305623,
2_8190,1,0.9899999999999893,1.000000000084166,
2_8199,0,0.9899999999999999,2.6210346300591563,-3.3439837515227993
2_8199,1,0.9899999999999999,3.6596243690417105,-7.123548605047995
2_8205,0,0.9899999999999999,1.0000000000000002,-30.664136820839822
2_8205,1,0.9899999999999999,1.0000000000000002,-34.01762773138893
2_8213,0,0.9899999999999999,1.3868419010151873,-6.628814632709169
2_8213,1,0.9899999999999999,1.0000000000000002,-3.9037103558895456
2_8214,0,0.9899999999999999,3.346204691696402,0.2653660162082434
2_8214,1,0.9899999999999999,3.354783864546464,0.10244360347585235
2_8231,0,0.9899999997553897,1.0000000000000002,
2_8231,1,0.989999999984232,9.999999951133027,
2_8242,0,0.9899999999999999,2.2759542692134263,-0.22123597081547297
2_8242,1,0.9899999999999999,1.0000000000000002,-2.9877904466664105
2_8243,0,0.05269979415357734,3.417385801501295,0.32265196135032326
2_8243,1,0.699806205800345,2.6092202109422082,0.4117238609353898
2_8245,0,0.9899999999999999,1.3827576000350363,-49.800341603688125
2_8245,1,0.9899999999999999,1.0000000000000002,-120.7942483364535
2_8248,0,0.9899999999999999,4.7183645225342445,-5.256874477571018
2_8248,1,0.9899999999999999,1.0000000000000002,-4.766580487693179
2_8249,0,0.9899999999999999,2.7698051483113413,-3.017837139917998
2_8249,1,0.9899999999999999,1.0000000000000002,-1.881557128319598
2_8258,0,0.10590644751106933,8.782742671096177,0.2913583437872932
2_8258,1,0.9899999999999999,1.1095016151081525,-1.9855351932324217
2_8262,0,0.9899999999999999,3.877884133578314,-9.327472735557162
2_8262,1,0.9899999999999999,1.0000000000000002,-20029.447428454165
2_8267,0,0.24828458652667026,9.99999999999947,0.026832964906199908
2_8267,1,0.9899999999999999,1.0000000000000073,-10.568747135876984
2_8268,0,0.010000000000003282,3.6997781149065805,-1.0094476266333716
2_8268,1,0.9899999999999999,1.021902052204347,-8.07524067690265
2_8285,0,0.9899999999999999,2.33535309458486,-4.464207670397422
2_8285,1,0.9899999999999999,2.302150104115701,-0.29463559874704304
2_8288,0,0.9899999999999999,2.8998917452056805,-3.354386744428547
2_8288,1,0.9899999999999999,1.139227264597775,-60.87056026891866
2_8294,0,0.9899999999999999,2.09588782514186,0.4533470950928884
2_8294,1,0.9899999999999999,5.619925737545944,-11.827524598434637
2_8312,0,0.9899999999999999,3.945573067967682,0.09435390897529627
2_8312,1,0.9899999999999999,1.2949045134125652,-10.908949846458574
2_8313,0,0.9899999999999999,4.320377299080093,-9.03302831031244
2_8313,1,0.9899999999999999,1.2158818090636878,-51.322593782456075
2_8314,0,0.9899999999999999,2.0867271004586745,-5.492438320033684
2_8314,1,0.9899999999999999,1.5714432187984542,-11.762152480881536
2_8316,0,0.9899999999999999,1.1449334350051672,-16.484538734550338
2_8316,1,0.9899999999999999,1.0000000000000002,-26.684182347828884
2_8318,0,0.9899999999999999,3.9745678491220806,-25.67450223683656
2_8318,1,0.9899999999999999,3.673407338545964,-3.3126460900014845
2_8319,0,0.9899999999999999,1.2698273740715362,-1.2366019667020764
2_8319,1,0.9899999999999999,1.0000000000000018,-2.5650036693961087
2_8326,0,0.11642998945209534,6.050594276386726,0.34158835304204327
2_8326,1,0.9899999999999999,1.0000000000000002,-1369.3426732869664
2_8328,0,0.9899999999999999,6.352807875250802,-0.4217166252685647
2_8328,1,0.9899999999999999,1.0000000000000002,-150.43619440445082
2_8329,0,0.9899999999999999,1.1602320829388444,-4.546883719919433
2_8329,1,0.9899999999999999,1.0000000000000002,-206.0240128374535
2_8330,0,0.9899999999999999,1.4493222841862166,-10.401651735546837
2_8330,1,0.9899999999999999,1.7426648522780563,-13.188324224690616
2_8331,0,0.016791089188198823,5.397075015730229,0.38179153042682556
2_8331,1,0.9899999999999999,1.0739746046749723,-428.0259134851517
2_8332,0,0.01000000000000012,5.810587149540427,0.33958895989705973
2_8332,1,0.9899999999999999,1.0000000000000002,-330.65398939247365
2_8334,0,0.9899999999999999,2.187147775169759,-25.399034170318878
2_8334,1,0.9899999999999999,1.9884682465806942,-32.34007853939722
2_8335,0,0.9899999999999999,6.755628460123144,-14.235930835053876
2_8335,1,0.9899999999999999,9.999999999999998,-3700.491604534691
2_8336,0,0.9899999999999999,3.000273863390962,-26.8371060844724
2_8336,1,0.9899999999999999,2.7384401531027946,-36.86169316864688
2_8340,0,0.15473600891944378,3.3169082607326446,0.37423725065150903
2_8340,1,0.07888663324836649,4.609938491277392,0.3252395310887375
2_8342,0,0.9899999999975098,1.0000000000000002,
2_8342,1,0.9899999999938135,1.0000000000000002,
2_8343,0,0.9899999999999999,1.0000000000000002,-3.7406914802016793
2_8343,1,0.9899999999999999,1.0000000000000002,-18154.453397095785
2_8346,0,0.9899999999999999,1.0000000000000002,-18.94432095675757
2_8346,1,0.9899999999999999,9.999999999999792,-751.1471069764168
2_8351,0,0.4217231289714442,4.90331890080774,-0.4764924318940318
2_8351,1,0.9899999999999999,1.607312245279217,0.1659880265851138
2_8352,0,0.9899999999999999,1.6239221880322816,-0.8732116410201569
2_8352,1,0.9899999999999985,1.0768618785054722,-0.3560487176131697
2_8353,0,0.9899999999999999,1.0000000000000002,-5.514878026463977
2_8353,1,0.9899999999999999,1.0000000000000002,-8.720315204545644
2_8355,0,0.7427031823513031,1.595999038870486,-0.2566600209384229
2_8355,1,0.9899999999999993,1.0206101807126482,-0.4428098996869989
2_8393,0,0.9899999999999999,1.0000000000000002,-5.2311033634309085
2_8393,1,0.9899999999999999,3.2387043816703427,-25.086229373097638
2_8394,0,0.9899999999999999,1.0394547581557345,-1.4114223320585144
2_8394,1,0.9899999999999983,1.4166462147255514,-0.06330229087530181
2_8398,0,0.9899999999999999,1.3514475405767037,-11.81165991662789
2_8398,1,0.9899999999999999,1.0000000000000002,-684.0867885812478
2_8399,0,0.9899999999999999,1.2214072364529034,-10.596471000187538
2_8399,1,0.9899999999999999,1.0000000000000002,-738.902287638525
2_8401,0,0.9899999999999999,1.000000000000001,-93512.88808842638
2_8401,1,0.9899999999988279,1.0000000183961526,
2_8402,0,0.9899999999999999,2.585657326361297,0.7410800672800086
2_8402,1,0.9899999999999963,2.8492418835534545,0.6645318633013619
2_8403,0,0.9899999999999999,1.0000000000000002,-0.6637270164923708
2_8403,1,0.9899999999999999,1.000000000000008,-2.1032785662196747
2_8428,0,0.9899999999999999,1.3547473374004362,-4.006977397513171
2_8428,1,0.9899999999999999,1.0000000000000002,-241.14099366528362
2_8434,0,0.9899999999999999,6.0612019182008146,-433.7811441315923
2_8434,1,0.9899999999999999,1.0000000000000013,-553.7559043088863
2_8435,0,0.9899999999999999,2.2445232179291876,0.517233716151044
2_8435,1,0.9899999999999999,1.0000000000000002,-33.75748204791387
2_8436,0,0.9899999999999999,1.229356269852294,-1.0978222218233369
2_8436,1,0.9899999999999999,1.1995756813122325,-52.87404181171445
2_8437,0,0.9899999999999999,1.0000000000000002,-286.90703007884474
2_8437,1,0.9899999999999999,1.7268146887647031,-98.87999082313837
2_8441,0,0.9899999999999999,3.2640660515607745,0.47759281791263153
2_8441,1,0.9899999999999999,3.35852892646448,-0.17725517861835494
2_8443,0,0.9899999999999972,1.0000000000646125,
2_8443,1,0.98999999996067,9.99999994367438,
2_8468,0,0.9899999999999999,1.6123741191660454,-7.6018085812297596
2_8468,1,0.9899999999999999,1.0000000000000073,-494.9129660688621
2_8475,0,0.9899999945996554,1.0000000000003755,
2_8475,1,0.9899999991711488,1.0000000000000009,
2_8476,0,0.9899999999999999,1.6390542291517236,-33.8205662843809
2_8476,1,0.9899999999999999,1.6189550356916123,-42.83434482761196
2_8477,0,0.9899999999999999,1.8867393254369536,-15.619982597126945
2_8477,1,0.9899999999999999,2.141587987287751,-16.86684481919766
2_8480,0,0.9899999999999999,1.0387160978543954,-122.48962096269813
2_8480,1,0.9899999999999999,1.0000000000000002,-46.39064504806079
2_8481,0,0.9899999999999999,1.1817581626120621,-51.94719538376662
2_8481,1,0.9899999999999999,1.0000000000000002,-3446.5899789223167
2_8485,0,0.9471251525715132,2.926129045166463,0.5158911476498862
2_8485,1,0.6002175040371885,3.8830716476269185,0.4113626119541871
2_8486,0,0.9899999999999999,2.5933982282358956,-15.890911696796199
2_8486,1,0.9899999999999999,2.0845347585801366,-8.421161169520584
2_8487,0,0.9899999999999999,3.5430178271841823,-2.6804096171296803
2_8487,1,0.9899999999999999,3.465844592339032,-6.790809457606753
2_8488,0,0.9899999999999999,3.2127315672117676,-4.161310348035195
2_8488,1,0.9899999999999999,1.0000000000000002,-1200.7879586262547
2_8489,0,0.4892890380673996,3.6828187641716297,0.488595485154675
2_8489,1,0.9899999999999999,1.0000000000000002,-197.59664334391974
2_8493,0,0.9899999999999999,2.1070099897055408,0.20306940393822992
2_8493,1,0.9899999999999999,1.3752636287804396,0.09867428645975562
2_8495,0,0.9899999999999999,2.221441813390055,-6.856676194306571
2_8495,1,0.9899999999999999,1.2973383840711532,-537867.6918011346
2_8496,0,0.9899999999999999,9.999999999999348,-0.06974092133279886
2_8496,1,0.9899999999999999,1.0000000000000002,-62061.40218330304
2_8497,0,0.9899999999999999,3.385362484423983,-0.6127688323421581
2_8497,1,0.9899999999999999,1.1078164983495398,-2050.1368660441262
2_8498,0,0.9899999999999982,2.010650021299391,-0.1759977326339981
2_8498,1,0.9183801962751793,2.0060882846683126,-0.25511578112100985
2_8504,0,0.7508671690014072,3.602437835902346,0.43827348745735084
2_8504,1,0.36565494000872756,3.693909494666289,0.40670761989884663
2_8506,0,0.9899999999999999,1.5934303874453302,-0.11471067002943869
2_8506,1,0.9899999999998018,1.559395562112134,-0.37803959538653586
2_8508,0,0.9899999999999999,3.6394353906015886,-2.4785793560615077
2_8508,1,0.9899999999999999,2.462915335292357,-2.1932598499495266
2_8511,0,0.2280010926631223,2.532508888317395,
2_8511,1,0.9899999999990913,9.999999850159014,
2_8530,0,0.8863438881830675,2.1640632985282418,0.19784224345386525
2_8530,1,0.9899999999995303,1.5884936397123495,-0.3718466155820952
2_8531,0,0.9899999999999999,2.295326585415166,-2.104133233333463
2_8531,1,0.9899999999999999,1.0000000000000002,-5.62565399984702
2_8534,0,0.9899999999999999,2.0541118016036943,0.5357295813570275
2_8534,1,0.9899999999999999,2.5215338564269243,0.6122933543946816
2_8536,0,0.9899999999999999,1.46950190707341,-0.5412617406439839
2_8536,1,0.8723314272771346,1.5291354964378892,-0.3366481730969306
2_8586,0,0.9899999999999999,5.649712182456787,-13.536308970774977
2_8586,1,0.9899999999999999,1.6562075499723605,-212.73905454817128
2_8595,0,0.31559466932527835,2.7842554780719766,0.1598632822009728
2_8595,1,0.9899999999999999,1.5275958409365225,-7.234488171741871
2_8596,0,0.9899999999999999,5.266797698215527,-28.580979290163807
2_8596,1,0.9899999999999999,1.8457112350808402,-105.62240718663173
2_8598,0,0.9899999999999999,1.2859193507107491,-3.832360500588951
2_8598,1,0.9899999999999999,2.383721790346012,-1.496968250859759
2_8604,0,0.9899999999999999,2.253182900926971,-144.28833301055664
2_8604,1,0.9899999999999999,1.4368567722361263,-84.28134681979053
2_8605,0,0.9899999999999999,1.125696678758458,-142.10841244566433
2_8605,1,0.9899999999999999,1.0000000000000002,-82.80634215334774
2_8632,0,0.9899999999999883,1.4200959411151453,-1.956520203902273
2_8632,1,0.9899999999999999,3.7002611180979366,-0.46196597553941987
2_8634,0,0.9899999999999999,4.628475424656133,0.12291689458864119
2_8634,1,0.9899999999999999,2.070979464559455,-5740.120853565103
2_8636,0,0.9899999999999999,3.951111434636622,-8.771953218983395
2_8636,1,0.9899999999999999,2.9754589611171163,-31.81340177319992
2_8643,0,0.7230689526976452,2.8018937492383666,0.6565548790846987
2_8643,1,0.9899999999999999,3.128103524362576,0.40806168861093983
2_8644,0,0.3669628452500612,3.4623665277160893,0.4146721759489317
2_8644,1,0.9899999999999999,1.6073373501289676,-7.554015772056799
2_8651,0,0.9899999999999999,2.7193104879912986,0.4353316509068449
2_8651,1,0.9899999999999999,1.0000000000000002,-9.193553321212377
2_8846,0,0.9899999999999999,2.6783907951990784,-0.786568445697321
2_8846,1,0.9899999999999999,1.2771005033563232,-0.9998443038199571
2_8851,0,0.9899999999999999,1.2830212234806089,-0.36299139086662024
2_8851,1,0.9899999999999999,1.6348624593765064,-0.6924571366123955
2_8864,0,0.9899999999838173,1.0000000000000002,
2_8928,0,0.9899999999999999,5.192663840437945,-0.6915038751450888
2_8928,1,0.9899999999999999,2.3164967776279006,-21.91963217543916
2_8929,0,0.9899999999999999,3.64239979004908,-0.017129147877805284
2_8929,1,0.9899999999999999,2.18524470993089,-27.70859997360982
2_8933,0,0.8865139238997658,2.6995664785230975,0.4324245945266747
2_8933,1,0.5272129475660201,2.3839917201064584,0.6027884223904088
